{
    "0": {
        "precision": 0.9981379952415433,
        "recall": 0.9987578925577062,
        "f1-score": 0.9984478476821192,
        "support": 9661.0
    },
    "1": {
        "precision": 0.963963963963964,
        "recall": 0.9469026548672567,
        "f1-score": 0.9553571428571429,
        "support": 339.0
    },
    "accuracy": 0.997,
    "macro avg": {
        "precision": 0.9810509796027537,
        "recall": 0.9728302737124814,
        "f1-score": 0.976902495269631,
        "support": 10000.0
    },
    "weighted avg": {
        "precision": 0.9969794955812333,
        "recall": 0.997,
        "f1-score": 0.9969870727885526,
        "support": 10000.0
    }
}