feature,importance
Rotational speed [rpm],0.19092237870627524
power,0.1846439826530013
Torque [Nm],0.17935891226189285
Tool wear [min],0.1045853302680219
wear_rate,0.0814634787124303
energy_proxy,0.07832828711959669
temp_ratio,0.06841709198345826
temp_diff,0.05248745505195456
Air temperature [K],0.02393146304171418
UDI,0.020863074237176822
Process temperature [K],0.014998545964477816
