{
    "accuracy": 0.997,
    "precision": 0.963963963963964,
    "recall": 0.9469026548672567,
    "f1": 0.9553571428571429,
    "roc_auc": 0.9977979157143996,
    "pr_auc": 0.9773050532688705,
    "false_positive_rate": 0.0012421074422937584,
    "best_threshold": 0.5081632653061224,
    "confusion_matrix": [
        [
            9649,
            12
        ],
        [
            18,
            321
        ]
    ]
}